,train,val,iou
0,1.5273528596296668,1.32677976546749,0.4017498670377661
